driverId,track,year,position
fernando-alonso,australia,2003,7
fernando-alonso,spain,2003,2
fernando-alonso,austria,2003,23
fernando-alonso,monaco,2003,5
fernando-alonso,canada,2003,4
fernando-alonso,hungary,2003,1
fernando-alonso,italy,2003,8
fernando-alonso,japan,2003,23
fernando-alonso,australia,2004,3
fernando-alonso,bahrain,2004,6
fernando-alonso,spain,2004,4
fernando-alonso,monaco,2004,23
fernando-alonso,canada,2004,23
fernando-alonso,hungary,2004,3
fernando-alonso,belgium,2004,23
fernando-alonso,italy,2004,23
fernando-alonso,china,2004,4
fernando-alonso,japan,2004,5
fernando-alonso,australia,2005,3
fernando-alonso,bahrain,2005,1
fernando-alonso,spain,2005,2
fernando-alonso,monaco,2005,4
fernando-alonso,canada,2005,23
fernando-alonso,hungary,2005,11
fernando-alonso,italy,2005,2
fernando-alonso,belgium,2005,2
fernando-alonso,japan,2005,3
fernando-alonso,china,2005,1
fernando-alonso,bahrain,2006,1
fernando-alonso,australia,2006,1
fernando-alonso,spain,2006,1
fernando-alonso,monaco,2006,1
fernando-alonso,canada,2006,1
fernando-alonso,hungary,2006,23
fernando-alonso,italy,2006,23
fernando-alonso,china,2006,2
fernando-alonso,japan,2006,1
fernando-alonso,australia,2007,2
lewis-hamilton,australia,2007,3
lewis-hamilton,bahrain,2007,2
fernando-alonso,bahrain,2007,5
lewis-hamilton,spain,2007,2
fernando-alonso,spain,2007,3
fernando-alonso,monaco,2007,1
lewis-hamilton,monaco,2007,2
lewis-hamilton,canada,2007,1
fernando-alonso,canada,2007,7
lewis-hamilton,hungary,2007,1
fernando-alonso,hungary,2007,4
fernando-alonso,italy,2007,1
lewis-hamilton,italy,2007,2
fernando-alonso,belgium,2007,3
lewis-hamilton,belgium,2007,4
lewis-hamilton,japan,2007,1
fernando-alonso,japan,2007,23
fernando-alonso,china,2007,2
lewis-hamilton,china,2007,23
lewis-hamilton,australia,2008,1
fernando-alonso,australia,2008,4
fernando-alonso,bahrain,2008,10
lewis-hamilton,bahrain,2008,13
lewis-hamilton,spain,2008,3
fernando-alonso,spain,2008,23
lewis-hamilton,monaco,2008,1
fernando-alonso,monaco,2008,10
fernando-alonso,canada,2008,23
lewis-hamilton,canada,2008,23
fernando-alonso,hungary,2008,4
lewis-hamilton,hungary,2008,5
lewis-hamilton,belgium,2008,3
fernando-alonso,belgium,2008,4
fernando-alonso,italy,2008,4
lewis-hamilton,italy,2008,7
fernando-alonso,singapore,2008,1
lewis-hamilton,singapore,2008,3
fernando-alonso,japan,2008,1
lewis-hamilton,japan,2008,12
lewis-hamilton,china,2008,1
fernando-alonso,china,2008,4
fernando-alonso,australia,2009,5
lewis-hamilton,australia,2009,24
lewis-hamilton,china,2009,6
fernando-alonso,china,2009,9
lewis-hamilton,bahrain,2009,4
fernando-alonso,bahrain,2009,8
fernando-alonso,spain,2009,5
lewis-hamilton,spain,2009,9
fernando-alonso,monaco,2009,7
lewis-hamilton,monaco,2009,12
lewis-hamilton,hungary,2009,1
fernando-alonso,hungary,2009,23
fernando-alonso,belgium,2009,23
lewis-hamilton,belgium,2009,23
fernando-alonso,italy,2009,5
lewis-hamilton,italy,2009,12
lewis-hamilton,singapore,2009,1
fernando-alonso,singapore,2009,3
lewis-hamilton,japan,2009,3
fernando-alonso,japan,2009,10
fernando-alonso,bahrain,2010,1
lewis-hamilton,bahrain,2010,3
nico-hulkenberg,bahrain,2010,14
fernando-alonso,australia,2010,4
lewis-hamilton,australia,2010,6
nico-hulkenberg,australia,2010,23
lewis-hamilton,china,2010,2
fernando-alonso,china,2010,4
nico-hulkenberg,china,2010,15
fernando-alonso,spain,2010,2
lewis-hamilton,spain,2010,14
nico-hulkenberg,spain,2010,16
lewis-hamilton,monaco,2010,5
fernando-alonso,monaco,2010,6
nico-hulkenberg,monaco,2010,23
lewis-hamilton,canada,2010,1
fernando-alonso,canada,2010,3
nico-hulkenberg,canada,2010,13
fernando-alonso,hungary,2010,2
nico-hulkenberg,hungary,2010,6
lewis-hamilton,hungary,2010,23
lewis-hamilton,belgium,2010,1
nico-hulkenberg,belgium,2010,14
fernando-alonso,belgium,2010,23
fernando-alonso,italy,2010,1
nico-hulkenberg,italy,2010,7
lewis-hamilton,italy,2010,23
fernando-alonso,singapore,2010,1
nico-hulkenberg,singapore,2010,10
lewis-hamilton,singapore,2010,23
fernando-alonso,japan,2010,3
lewis-hamilton,japan,2010,5
nico-hulkenberg,japan,2010,23
lewis-hamilton,australia,2011,2
fernando-alonso,australia,2011,4
sergio-perez,australia,2011,24
lewis-hamilton,china,2011,1
fernando-alonso,china,2011,7
sergio-perez,china,2011,17
lewis-hamilton,spain,2011,2
fernando-alonso,spain,2011,5
sergio-perez,spain,2011,9
fernando-alonso,monaco,2011,2
lewis-hamilton,monaco,2011,6
sergio-perez,monaco,2011,25
fernando-alonso,canada,2011,23
lewis-hamilton,canada,2011,23
fernando-alonso,hungary,2011,3
lewis-hamilton,hungary,2011,4
sergio-perez,hungary,2011,15
fernando-alonso,belgium,2011,4
sergio-perez,belgium,2011,23
lewis-hamilton,belgium,2011,23
fernando-alonso,italy,2011,3
lewis-hamilton,italy,2011,4
sergio-perez,italy,2011,23
fernando-alonso,singapore,2011,4
lewis-hamilton,singapore,2011,5
sergio-perez,singapore,2011,10
fernando-alonso,japan,2011,2
lewis-hamilton,japan,2011,5
sergio-perez,japan,2011,8
lewis-hamilton,australia,2012,3
fernando-alonso,australia,2012,5
sergio-perez,australia,2012,8
nico-hulkenberg,australia,2012,23
lewis-hamilton,china,2012,3
fernando-alonso,china,2012,9
sergio-perez,china,2012,11
nico-hulkenberg,china,2012,15
fernando-alonso,bahrain,2012,7
lewis-hamilton,bahrain,2012,8
sergio-perez,bahrain,2012,11
nico-hulkenberg,bahrain,2012,12
fernando-alonso,spain,2012,2
lewis-hamilton,spain,2012,8
nico-hulkenberg,spain,2012,10
sergio-perez,spain,2012,23
fernando-alonso,monaco,2012,3
lewis-hamilton,monaco,2012,5
nico-hulkenberg,monaco,2012,8
sergio-perez,monaco,2012,11
lewis-hamilton,canada,2012,1
sergio-perez,canada,2012,3
fernando-alonso,canada,2012,5
nico-hulkenberg,canada,2012,12
lewis-hamilton,hungary,2012,1
fernando-alonso,hungary,2012,5
nico-hulkenberg,hungary,2012,11
sergio-perez,hungary,2012,14
nico-hulkenberg,belgium,2012,4
sergio-perez,belgium,2012,23
fernando-alonso,belgium,2012,23
lewis-hamilton,belgium,2012,23
lewis-hamilton,italy,2012,1
sergio-perez,italy,2012,2
fernando-alonso,italy,2012,3
nico-hulkenberg,italy,2012,21
fernando-alonso,singapore,2012,3
sergio-perez,singapore,2012,10
nico-hulkenberg,singapore,2012,14
lewis-hamilton,singapore,2012,23
lewis-hamilton,japan,2012,5
nico-hulkenberg,japan,2012,7
sergio-perez,japan,2012,23
fernando-alonso,japan,2012,23
fernando-alonso,australia,2013,2
lewis-hamilton,australia,2013,5
sergio-perez,australia,2013,11
valtteri-bottas,australia,2013,14
nico-hulkenberg,australia,2013,25
fernando-alonso,china,2013,1
lewis-hamilton,china,2013,3
nico-hulkenberg,china,2013,10
sergio-perez,china,2013,11
valtteri-bottas,china,2013,13
lewis-hamilton,bahrain,2013,5
sergio-perez,bahrain,2013,6
fernando-alonso,bahrain,2013,8
nico-hulkenberg,bahrain,2013,12
valtteri-bottas,bahrain,2013,14
fernando-alonso,spain,2013,1
sergio-perez,spain,2013,9
lewis-hamilton,spain,2013,12
nico-hulkenberg,spain,2013,15
valtteri-bottas,spain,2013,16
lewis-hamilton,monaco,2013,4
fernando-alonso,monaco,2013,7
nico-hulkenberg,monaco,2013,11
valtteri-bottas,monaco,2013,12
sergio-perez,monaco,2013,16
fernando-alonso,canada,2013,2
lewis-hamilton,canada,2013,3
sergio-perez,canada,2013,11
valtteri-bottas,canada,2013,14
nico-hulkenberg,canada,2013,23
lewis-hamilton,hungary,2013,1
fernando-alonso,hungary,2013,5
sergio-perez,hungary,2013,9
nico-hulkenberg,hungary,2013,11
valtteri-bottas,hungary,2013,23
fernando-alonso,belgium,2013,2
lewis-hamilton,belgium,2013,3
sergio-perez,belgium,2013,11
nico-hulkenberg,belgium,2013,13
valtteri-bottas,belgium,2013,15
fernando-alonso,italy,2013,2
nico-hulkenberg,italy,2013,5
lewis-hamilton,italy,2013,9
sergio-perez,italy,2013,12
valtteri-bottas,italy,2013,15
fernando-alonso,singapore,2013,2
lewis-hamilton,singapore,2013,5
sergio-perez,singapore,2013,8
nico-hulkenberg,singapore,2013,9
valtteri-bottas,singapore,2013,13
fernando-alonso,japan,2013,4
nico-hulkenberg,japan,2013,6
sergio-perez,japan,2013,15
valtteri-bottas,japan,2013,17
lewis-hamilton,japan,2013,23
fernando-alonso,australia,2014,4
valtteri-bottas,australia,2014,5
nico-hulkenberg,australia,2014,6
sergio-perez,australia,2014,10
lewis-hamilton,australia,2014,23
lewis-hamilton,bahrain,2014,1
sergio-perez,bahrain,2014,3
nico-hulkenberg,bahrain,2014,5
valtteri-bottas,bahrain,2014,8
fernando-alonso,bahrain,2014,9
lewis-hamilton,china,2014,1
fernando-alonso,china,2014,3
nico-hulkenberg,china,2014,6
valtteri-bottas,china,2014,7
sergio-perez,china,2014,9
lewis-hamilton,spain,2014,1
valtteri-bottas,spain,2014,5
fernando-alonso,spain,2014,6
sergio-perez,spain,2014,9
nico-hulkenberg,spain,2014,10
lewis-hamilton,monaco,2014,2
fernando-alonso,monaco,2014,4
nico-hulkenberg,monaco,2014,5
valtteri-bottas,monaco,2014,23
sergio-perez,monaco,2014,23
nico-hulkenberg,canada,2014,5
fernando-alonso,canada,2014,6
valtteri-bottas,canada,2014,7
sergio-perez,canada,2014,11
lewis-hamilton,canada,2014,23
lewis-hamilton,austria,2014,2
valtteri-bottas,austria,2014,3
fernando-alonso,austria,2014,5
sergio-perez,austria,2014,6
nico-hulkenberg,austria,2014,9
fernando-alonso,hungary,2014,2
lewis-hamilton,hungary,2014,3
valtteri-bottas,hungary,2014,8
sergio-perez,hungary,2014,23
nico-hulkenberg,hungary,2014,23
valtteri-bottas,belgium,2014,3
fernando-alonso,belgium,2014,7
sergio-perez,belgium,2014,8
nico-hulkenberg,belgium,2014,10
lewis-hamilton,belgium,2014,23
lewis-hamilton,italy,2014,1
valtteri-bottas,italy,2014,4
sergio-perez,italy,2014,7
nico-hulkenberg,italy,2014,12
fernando-alonso,italy,2014,23
lewis-hamilton,singapore,2014,1
fernando-alonso,singapore,2014,4
sergio-perez,singapore,2014,7
nico-hulkenberg,singapore,2014,9
valtteri-bottas,singapore,2014,11
lewis-hamilton,japan,2014,1
valtteri-bottas,japan,2014,6
nico-hulkenberg,japan,2014,8
sergio-perez,japan,2014,10
fernando-alonso,japan,2014,23
lewis-hamilton,australia,2015,1
nico-hulkenberg,australia,2015,7
carlos-sainz-jr,australia,2015,9
sergio-perez,australia,2015,10
max-verstappen,australia,2015,23
valtteri-bottas,australia,2015,25
lewis-hamilton,china,2015,1
valtteri-bottas,china,2015,6
sergio-perez,china,2015,11
fernando-alonso,china,2015,12
carlos-sainz-jr,china,2015,13
max-verstappen,china,2015,17
nico-hulkenberg,china,2015,23
lewis-hamilton,bahrain,2015,1
valtteri-bottas,bahrain,2015,4
sergio-perez,bahrain,2015,8
fernando-alonso,bahrain,2015,11
nico-hulkenberg,bahrain,2015,13
max-verstappen,bahrain,2015,23
carlos-sainz-jr,bahrain,2015,23
lewis-hamilton,spain,2015,2
valtteri-bottas,spain,2015,4
carlos-sainz-jr,spain,2015,9
max-verstappen,spain,2015,11
sergio-perez,spain,2015,13
nico-hulkenberg,spain,2015,15
fernando-alonso,spain,2015,23
lewis-hamilton,monaco,2015,3
sergio-perez,monaco,2015,7
carlos-sainz-jr,monaco,2015,10
nico-hulkenberg,monaco,2015,11
valtteri-bottas,monaco,2015,14
max-verstappen,monaco,2015,23
fernando-alonso,monaco,2015,23
lewis-hamilton,canada,2015,1
valtteri-bottas,canada,2015,3
nico-hulkenberg,canada,2015,8
sergio-perez,canada,2015,11
carlos-sainz-jr,canada,2015,12
max-verstappen,canada,2015,15
fernando-alonso,canada,2015,23
lewis-hamilton,austria,2015,2
valtteri-bottas,austria,2015,5
nico-hulkenberg,austria,2015,6
max-verstappen,austria,2015,8
sergio-perez,austria,2015,9
carlos-sainz-jr,austria,2015,23
fernando-alonso,austria,2015,23
max-verstappen,hungary,2015,4
fernando-alonso,hungary,2015,5
lewis-hamilton,hungary,2015,6
valtteri-bottas,hungary,2015,13
carlos-sainz-jr,hungary,2015,23
sergio-perez,hungary,2015,23
nico-hulkenberg,hungary,2015,23
lewis-hamilton,belgium,2015,1
sergio-perez,belgium,2015,5
max-verstappen,belgium,2015,8
valtteri-bottas,belgium,2015,9
fernando-alonso,belgium,2015,13
carlos-sainz-jr,belgium,2015,23
nico-hulkenberg,belgium,2015,25
lewis-hamilton,italy,2015,1
valtteri-bottas,italy,2015,4
sergio-perez,italy,2015,6
nico-hulkenberg,italy,2015,7
carlos-sainz-jr,italy,2015,11
max-verstappen,italy,2015,12
fernando-alonso,italy,2015,18
valtteri-bottas,singapore,2015,5
sergio-perez,singapore,2015,7
max-verstappen,singapore,2015,8
carlos-sainz-jr,singapore,2015,9
fernando-alonso,singapore,2015,23
lewis-hamilton,singapore,2015,23
nico-hulkenberg,singapore,2015,23
lewis-hamilton,japan,2015,1
valtteri-bottas,japan,2015,5
nico-hulkenberg,japan,2015,6
max-verstappen,japan,2015,9
carlos-sainz-jr,japan,2015,10
fernando-alonso,japan,2015,11
sergio-perez,japan,2015,12
lewis-hamilton,mexico,2015,2
valtteri-bottas,mexico,2015,3
nico-hulkenberg,mexico,2015,7
sergio-perez,mexico,2015,8
max-verstappen,mexico,2015,9
carlos-sainz-jr,mexico,2015,13
fernando-alonso,mexico,2015,23
lewis-hamilton,australia,2016,2
nico-hulkenberg,australia,2016,7
valtteri-bottas,australia,2016,8
carlos-sainz-jr,australia,2016,9
max-verstappen,australia,2016,10
sergio-perez,australia,2016,13
fernando-alonso,australia,2016,23
lewis-hamilton,bahrain,2016,3
max-verstappen,bahrain,2016,6
valtteri-bottas,bahrain,2016,9
nico-hulkenberg,bahrain,2016,15
sergio-perez,bahrain,2016,16
carlos-sainz-jr,bahrain,2016,23
lewis-hamilton,china,2016,7
max-verstappen,china,2016,8
carlos-sainz-jr,china,2016,9
valtteri-bottas,china,2016,10
sergio-perez,china,2016,11
fernando-alonso,china,2016,12
nico-hulkenberg,china,2016,15
max-verstappen,spain,2016,1
valtteri-bottas,spain,2016,5
carlos-sainz-jr,spain,2016,6
sergio-perez,spain,2016,7
fernando-alonso,spain,2016,23
nico-hulkenberg,spain,2016,23
lewis-hamilton,spain,2016,23
lewis-hamilton,monaco,2016,1
sergio-perez,monaco,2016,3
fernando-alonso,monaco,2016,5
nico-hulkenberg,monaco,2016,6
carlos-sainz-jr,monaco,2016,8
valtteri-bottas,monaco,2016,12
max-verstappen,monaco,2016,23
lewis-hamilton,canada,2016,1
valtteri-bottas,canada,2016,3
max-verstappen,canada,2016,4
nico-hulkenberg,canada,2016,8
carlos-sainz-jr,canada,2016,9
sergio-perez,canada,2016,10
fernando-alonso,canada,2016,11
lewis-hamilton,austria,2016,1
max-verstappen,austria,2016,2
carlos-sainz-jr,austria,2016,8
valtteri-bottas,austria,2016,9
sergio-perez,austria,2016,17
fernando-alonso,austria,2016,18
nico-hulkenberg,austria,2016,19
lewis-hamilton,hungary,2016,1
max-verstappen,hungary,2016,5
fernando-alonso,hungary,2016,7
carlos-sainz-jr,hungary,2016,8
valtteri-bottas,hungary,2016,9
nico-hulkenberg,hungary,2016,10
sergio-perez,hungary,2016,11
lewis-hamilton,belgium,2016,3
nico-hulkenberg,belgium,2016,4
sergio-perez,belgium,2016,5
fernando-alonso,belgium,2016,7
valtteri-bottas,belgium,2016,8
max-verstappen,belgium,2016,11
esteban-ocon,belgium,2016,16
carlos-sainz-jr,belgium,2016,23
lewis-hamilton,italy,2016,2
valtteri-bottas,italy,2016,6
max-verstappen,italy,2016,7
sergio-perez,italy,2016,8
nico-hulkenberg,italy,2016,10
fernando-alonso,italy,2016,14
carlos-sainz-jr,italy,2016,15
esteban-ocon,italy,2016,18
lewis-hamilton,singapore,2016,3
max-verstappen,singapore,2016,6
fernando-alonso,singapore,2016,7
sergio-perez,singapore,2016,8
carlos-sainz-jr,singapore,2016,14
esteban-ocon,singapore,2016,18
valtteri-bottas,singapore,2016,23
nico-hulkenberg,singapore,2016,23
max-verstappen,japan,2016,2
lewis-hamilton,japan,2016,3
sergio-perez,japan,2016,7
nico-hulkenberg,japan,2016,8
valtteri-bottas,japan,2016,10
fernando-alonso,japan,2016,16
carlos-sainz-jr,japan,2016,17
esteban-ocon,japan,2016,21
lewis-hamilton,mexico,2016,1
max-verstappen,mexico,2016,4
nico-hulkenberg,mexico,2016,7
valtteri-bottas,mexico,2016,8
sergio-perez,mexico,2016,10
fernando-alonso,mexico,2016,13
carlos-sainz-jr,mexico,2016,16
esteban-ocon,mexico,2016,21
lewis-hamilton,australia,2017,2
valtteri-bottas,australia,2017,3
max-verstappen,australia,2017,5
sergio-perez,australia,2017,7
carlos-sainz-jr,australia,2017,8
esteban-ocon,australia,2017,10
nico-hulkenberg,australia,2017,11
fernando-alonso,australia,2017,23
lance-stroll,australia,2017,23
lewis-hamilton,china,2017,1
max-verstappen,china,2017,3
valtteri-bottas,china,2017,6
carlos-sainz-jr,china,2017,7
sergio-perez,china,2017,9
esteban-ocon,china,2017,10
nico-hulkenberg,china,2017,12
fernando-alonso,china,2017,23
lance-stroll,china,2017,23
lewis-hamilton,bahrain,2017,2
valtteri-bottas,bahrain,2017,3
sergio-perez,bahrain,2017,7
nico-hulkenberg,bahrain,2017,9
esteban-ocon,bahrain,2017,10
fernando-alonso,bahrain,2017,14
carlos-sainz-jr,bahrain,2017,23
lance-stroll,bahrain,2017,23
max-verstappen,bahrain,2017,23
lewis-hamilton,spain,2017,1
sergio-perez,spain,2017,4
esteban-ocon,spain,2017,5
nico-hulkenberg,spain,2017,6
carlos-sainz-jr,spain,2017,7
fernando-alonso,spain,2017,12
lance-stroll,spain,2017,16
valtteri-bottas,spain,2017,23
max-verstappen,spain,2017,23
valtteri-bottas,monaco,2017,4
max-verstappen,monaco,2017,5
carlos-sainz-jr,monaco,2017,6
lewis-hamilton,monaco,2017,7
esteban-ocon,monaco,2017,12
sergio-perez,monaco,2017,13
lance-stroll,monaco,2017,15
nico-hulkenberg,monaco,2017,23
lewis-hamilton,canada,2017,1
valtteri-bottas,canada,2017,2
sergio-perez,canada,2017,5
esteban-ocon,canada,2017,6
nico-hulkenberg,canada,2017,8
lance-stroll,canada,2017,9
fernando-alonso,canada,2017,16
max-verstappen,canada,2017,23
carlos-sainz-jr,canada,2017,23
valtteri-bottas,azerbaijan,2017,2
lance-stroll,azerbaijan,2017,3
lewis-hamilton,azerbaijan,2017,5
esteban-ocon,azerbaijan,2017,6
carlos-sainz-jr,azerbaijan,2017,8
fernando-alonso,azerbaijan,2017,9
sergio-perez,azerbaijan,2017,23
nico-hulkenberg,azerbaijan,2017,23
max-verstappen,azerbaijan,2017,23
valtteri-bottas,austria,2017,1
lewis-hamilton,austria,2017,4
sergio-perez,austria,2017,7
esteban-ocon,austria,2017,8
lance-stroll,austria,2017,10
nico-hulkenberg,austria,2017,13
carlos-sainz-jr,austria,2017,23
fernando-alonso,austria,2017,23
max-verstappen,austria,2017,23
valtteri-bottas,hungary,2017,3
lewis-hamilton,hungary,2017,4
max-verstappen,hungary,2017,5
fernando-alonso,hungary,2017,6
carlos-sainz-jr,hungary,2017,7
sergio-perez,hungary,2017,8
esteban-ocon,hungary,2017,9
lance-stroll,hungary,2017,14
nico-hulkenberg,hungary,2017,17
lewis-hamilton,belgium,2017,1
valtteri-bottas,belgium,2017,5
nico-hulkenberg,belgium,2017,6
esteban-ocon,belgium,2017,9
carlos-sainz-jr,belgium,2017,10
lance-stroll,belgium,2017,11
sergio-perez,belgium,2017,17
fernando-alonso,belgium,2017,23
max-verstappen,belgium,2017,23
lewis-hamilton,italy,2017,1
valtteri-bottas,italy,2017,2
esteban-ocon,italy,2017,6
lance-stroll,italy,2017,7
sergio-perez,italy,2017,9
max-verstappen,italy,2017,10
nico-hulkenberg,italy,2017,13
carlos-sainz-jr,italy,2017,14
fernando-alonso,italy,2017,17
lewis-hamilton,singapore,2017,1
valtteri-bottas,singapore,2017,3
carlos-sainz-jr,singapore,2017,4
sergio-perez,singapore,2017,5
lance-stroll,singapore,2017,8
esteban-ocon,singapore,2017,10
nico-hulkenberg,singapore,2017,23
fernando-alonso,singapore,2017,23
max-verstappen,singapore,2017,23
lewis-hamilton,japan,2017,1
max-verstappen,japan,2017,2
valtteri-bottas,japan,2017,4
esteban-ocon,japan,2017,6
sergio-perez,japan,2017,7
fernando-alonso,japan,2017,11
pierre-gasly,japan,2017,13
lance-stroll,japan,2017,23
nico-hulkenberg,japan,2017,23
carlos-sainz-jr,japan,2017,23
max-verstappen,mexico,2017,1
valtteri-bottas,mexico,2017,2
esteban-ocon,mexico,2017,5
lance-stroll,mexico,2017,6
sergio-perez,mexico,2017,7
lewis-hamilton,mexico,2017,9
fernando-alonso,mexico,2017,10
pierre-gasly,mexico,2017,13
carlos-sainz-jr,mexico,2017,23
nico-hulkenberg,mexico,2017,23
lewis-hamilton,australia,2018,2
fernando-alonso,australia,2018,5
max-verstappen,australia,2018,6
nico-hulkenberg,australia,2018,7
valtteri-bottas,australia,2018,8
carlos-sainz-jr,australia,2018,10
sergio-perez,australia,2018,11
esteban-ocon,australia,2018,12
charles-leclerc,australia,2018,13
lance-stroll,australia,2018,14
pierre-gasly,australia,2018,23
valtteri-bottas,bahrain,2018,2
lewis-hamilton,bahrain,2018,3
pierre-gasly,bahrain,2018,4
nico-hulkenberg,bahrain,2018,6
fernando-alonso,bahrain,2018,7
esteban-ocon,bahrain,2018,10
carlos-sainz-jr,bahrain,2018,11
charles-leclerc,bahrain,2018,12
lance-stroll,bahrain,2018,14
sergio-perez,bahrain,2018,16
max-verstappen,bahrain,2018,23
valtteri-bottas,china,2018,2
lewis-hamilton,china,2018,4
max-verstappen,china,2018,5
nico-hulkenberg,china,2018,6
fernando-alonso,china,2018,7
carlos-sainz-jr,china,2018,9
esteban-ocon,china,2018,11
sergio-perez,china,2018,12
lance-stroll,china,2018,14
pierre-gasly,china,2018,18
charles-leclerc,china,2018,19
lewis-hamilton,azerbaijan,2018,1
sergio-perez,azerbaijan,2018,3
carlos-sainz-jr,azerbaijan,2018,5
charles-leclerc,azerbaijan,2018,6
fernando-alonso,azerbaijan,2018,7
lance-stroll,azerbaijan,2018,8
pierre-gasly,azerbaijan,2018,12
valtteri-bottas,azerbaijan,2018,14
max-verstappen,azerbaijan,2018,23
nico-hulkenberg,azerbaijan,2018,23
esteban-ocon,azerbaijan,2018,23
lewis-hamilton,spain,2018,1
valtteri-bottas,spain,2018,2
max-verstappen,spain,2018,3
carlos-sainz-jr,spain,2018,7
fernando-alonso,spain,2018,8
sergio-perez,spain,2018,9
charles-leclerc,spain,2018,10
lance-stroll,spain,2018,11
esteban-ocon,spain,2018,23
pierre-gasly,spain,2018,23
nico-hulkenberg,spain,2018,23
lewis-hamilton,monaco,2018,3
valtteri-bottas,monaco,2018,5
esteban-ocon,monaco,2018,6
pierre-gasly,monaco,2018,7
nico-hulkenberg,monaco,2018,8
max-verstappen,monaco,2018,9
carlos-sainz-jr,monaco,2018,10
sergio-perez,monaco,2018,12
lance-stroll,monaco,2018,17
charles-leclerc,monaco,2018,18
fernando-alonso,monaco,2018,23
valtteri-bottas,canada,2018,2
max-verstappen,canada,2018,3
lewis-hamilton,canada,2018,5
nico-hulkenberg,canada,2018,7
carlos-sainz-jr,canada,2018,8
esteban-ocon,canada,2018,9
charles-leclerc,canada,2018,10
pierre-gasly,canada,2018,11
sergio-perez,canada,2018,14
fernando-alonso,canada,2018,23
lance-stroll,canada,2018,23
max-verstappen,austria,2018,1
esteban-ocon,austria,2018,6
sergio-perez,austria,2018,7
fernando-alonso,austria,2018,8
charles-leclerc,austria,2018,9
pierre-gasly,austria,2018,11
carlos-sainz-jr,austria,2018,12
lance-stroll,austria,2018,14
lewis-hamilton,austria,2018,23
valtteri-bottas,austria,2018,23
nico-hulkenberg,austria,2018,23
lewis-hamilton,hungary,2018,1
valtteri-bottas,hungary,2018,5
pierre-gasly,hungary,2018,6
fernando-alonso,hungary,2018,8
carlos-sainz-jr,hungary,2018,9
nico-hulkenberg,hungary,2018,12
esteban-ocon,hungary,2018,13
sergio-perez,hungary,2018,14
lance-stroll,hungary,2018,17
max-verstappen,hungary,2018,23
charles-leclerc,hungary,2018,23
lewis-hamilton,belgium,2018,2
max-verstappen,belgium,2018,3
valtteri-bottas,belgium,2018,4
sergio-perez,belgium,2018,5
esteban-ocon,belgium,2018,6
pierre-gasly,belgium,2018,9
carlos-sainz-jr,belgium,2018,11
lance-stroll,belgium,2018,13
charles-leclerc,belgium,2018,23
fernando-alonso,belgium,2018,23
nico-hulkenberg,belgium,2018,23
lewis-hamilton,italy,2018,1
valtteri-bottas,italy,2018,3
max-verstappen,italy,2018,5
esteban-ocon,italy,2018,6
sergio-perez,italy,2018,7
carlos-sainz-jr,italy,2018,8
lance-stroll,italy,2018,9
charles-leclerc,italy,2018,11
nico-hulkenberg,italy,2018,13
pierre-gasly,italy,2018,14
fernando-alonso,italy,2018,23
lewis-hamilton,singapore,2018,1
max-verstappen,singapore,2018,2
valtteri-bottas,singapore,2018,4
fernando-alonso,singapore,2018,7
carlos-sainz-jr,singapore,2018,8
charles-leclerc,singapore,2018,9
nico-hulkenberg,singapore,2018,10
pierre-gasly,singapore,2018,13
lance-stroll,singapore,2018,14
sergio-perez,singapore,2018,16
esteban-ocon,singapore,2018,23
lewis-hamilton,japan,2018,1
valtteri-bottas,japan,2018,2
max-verstappen,japan,2018,3
sergio-perez,japan,2018,7
esteban-ocon,japan,2018,9
carlos-sainz-jr,japan,2018,10
pierre-gasly,japan,2018,11
fernando-alonso,japan,2018,14
lance-stroll,japan,2018,17
charles-leclerc,japan,2018,23
nico-hulkenberg,japan,2018,23
max-verstappen,mexico,2018,1
lewis-hamilton,mexico,2018,4
valtteri-bottas,mexico,2018,5
nico-hulkenberg,mexico,2018,6
charles-leclerc,mexico,2018,7
pierre-gasly,mexico,2018,10
esteban-ocon,mexico,2018,11
lance-stroll,mexico,2018,12
sergio-perez,mexico,2018,23
carlos-sainz-jr,mexico,2018,23
fernando-alonso,mexico,2018,23
valtteri-bottas,australia,2019,1
lewis-hamilton,australia,2019,2
max-verstappen,australia,2019,3
charles-leclerc,australia,2019,5
nico-hulkenberg,australia,2019,7
lance-stroll,australia,2019,9
pierre-gasly,australia,2019,11
lando-norris,australia,2019,12
sergio-perez,australia,2019,13
alexander-albon,australia,2019,14
george-russell,australia,2019,16
carlos-sainz-jr,australia,2019,23
lewis-hamilton,bahrain,2019,1
valtteri-bottas,bahrain,2019,2
charles-leclerc,bahrain,2019,3
max-verstappen,bahrain,2019,4
lando-norris,bahrain,2019,6
pierre-gasly,bahrain,2019,8
alexander-albon,bahrain,2019,9
sergio-perez,bahrain,2019,10
lance-stroll,bahrain,2019,14
george-russell,bahrain,2019,15
nico-hulkenberg,bahrain,2019,17
carlos-sainz-jr,bahrain,2019,19
lewis-hamilton,china,2019,1
valtteri-bottas,china,2019,2
max-verstappen,china,2019,4
charles-leclerc,china,2019,5
pierre-gasly,china,2019,6
sergio-perez,china,2019,8
alexander-albon,china,2019,10
lance-stroll,china,2019,12
carlos-sainz-jr,china,2019,14
george-russell,china,2019,16
lando-norris,china,2019,18
nico-hulkenberg,china,2019,23
valtteri-bottas,azerbaijan,2019,1
lewis-hamilton,azerbaijan,2019,2
max-verstappen,azerbaijan,2019,4
charles-leclerc,azerbaijan,2019,5
sergio-perez,azerbaijan,2019,6
carlos-sainz-jr,azerbaijan,2019,7
lando-norris,azerbaijan,2019,8
lance-stroll,azerbaijan,2019,9
alexander-albon,azerbaijan,2019,11
nico-hulkenberg,azerbaijan,2019,14
george-russell,azerbaijan,2019,15
pierre-gasly,azerbaijan,2019,23
lewis-hamilton,spain,2019,1
valtteri-bottas,spain,2019,2
max-verstappen,spain,2019,3
charles-leclerc,spain,2019,5
pierre-gasly,spain,2019,6
carlos-sainz-jr,spain,2019,8
alexander-albon,spain,2019,11
nico-hulkenberg,spain,2019,13
sergio-perez,spain,2019,15
george-russell,spain,2019,17
lance-stroll,spain,2019,23
lando-norris,spain,2019,23
lewis-hamilton,monaco,2019,1
valtteri-bottas,monaco,2019,3
max-verstappen,monaco,2019,4
pierre-gasly,monaco,2019,5
carlos-sainz-jr,monaco,2019,6
alexander-albon,monaco,2019,8
lando-norris,monaco,2019,11
sergio-perez,monaco,2019,12
nico-hulkenberg,monaco,2019,13
george-russell,monaco,2019,15
lance-stroll,monaco,2019,16
charles-leclerc,monaco,2019,23
lewis-hamilton,canada,2019,1
charles-leclerc,canada,2019,3
valtteri-bottas,canada,2019,4
max-verstappen,canada,2019,5
nico-hulkenberg,canada,2019,7
pierre-gasly,canada,2019,8
lance-stroll,canada,2019,9
carlos-sainz-jr,canada,2019,11
sergio-perez,canada,2019,12
george-russell,canada,2019,16
alexander-albon,canada,2019,23
lando-norris,canada,2019,23
max-verstappen,austria,2019,1
charles-leclerc,austria,2019,2
valtteri-bottas,austria,2019,3
lewis-hamilton,austria,2019,5
lando-norris,austria,2019,6
pierre-gasly,austria,2019,7
carlos-sainz-jr,austria,2019,8
sergio-perez,austria,2019,11
nico-hulkenberg,austria,2019,13
lance-stroll,austria,2019,14
alexander-albon,austria,2019,15
george-russell,austria,2019,18
lewis-hamilton,hungary,2019,1
max-verstappen,hungary,2019,2
charles-leclerc,hungary,2019,4
carlos-sainz-jr,hungary,2019,5
pierre-gasly,hungary,2019,6
valtteri-bottas,hungary,2019,8
lando-norris,hungary,2019,9
alexander-albon,hungary,2019,10
sergio-perez,hungary,2019,11
nico-hulkenberg,hungary,2019,12
george-russell,hungary,2019,16
lance-stroll,hungary,2019,17
charles-leclerc,belgium,2019,1
lewis-hamilton,belgium,2019,2
valtteri-bottas,belgium,2019,3
alexander-albon,belgium,2019,5
sergio-perez,belgium,2019,6
nico-hulkenberg,belgium,2019,8
pierre-gasly,belgium,2019,9
lance-stroll,belgium,2019,10
lando-norris,belgium,2019,11
george-russell,belgium,2019,15
carlos-sainz-jr,belgium,2019,23
max-verstappen,belgium,2019,23
charles-leclerc,italy,2019,1
valtteri-bottas,italy,2019,2
lewis-hamilton,italy,2019,3
nico-hulkenberg,italy,2019,5
alexander-albon,italy,2019,6
sergio-perez,italy,2019,7
max-verstappen,italy,2019,8
lando-norris,italy,2019,10
pierre-gasly,italy,2019,11
lance-stroll,italy,2019,12
george-russell,italy,2019,14
carlos-sainz-jr,italy,2019,23
charles-leclerc,singapore,2019,2
max-verstappen,singapore,2019,3
lewis-hamilton,singapore,2019,4
valtteri-bottas,singapore,2019,5
alexander-albon,singapore,2019,6
lando-norris,singapore,2019,7
pierre-gasly,singapore,2019,8
nico-hulkenberg,singapore,2019,9
carlos-sainz-jr,singapore,2019,12
lance-stroll,singapore,2019,13
sergio-perez,singapore,2019,23
george-russell,singapore,2019,23
valtteri-bottas,japan,2019,1
lewis-hamilton,japan,2019,3
alexander-albon,japan,2019,4
carlos-sainz-jr,japan,2019,5
charles-leclerc,japan,2019,6
pierre-gasly,japan,2019,7
sergio-perez,japan,2019,8
lance-stroll,japan,2019,9
lando-norris,japan,2019,11
george-russell,japan,2019,16
max-verstappen,japan,2019,23
nico-hulkenberg,japan,2019,24
lewis-hamilton,mexico,2019,1
valtteri-bottas,mexico,2019,3
charles-leclerc,mexico,2019,4
alexander-albon,mexico,2019,5
max-verstappen,mexico,2019,6
sergio-perez,mexico,2019,7
pierre-gasly,mexico,2019,9
nico-hulkenberg,mexico,2019,10
lance-stroll,mexico,2019,12
carlos-sainz-jr,mexico,2019,13
george-russell,mexico,2019,16
lando-norris,mexico,2019,23
valtteri-bottas,austria,2020,1
charles-leclerc,austria,2020,2
lando-norris,austria,2020,3
lewis-hamilton,austria,2020,4
carlos-sainz-jr,austria,2020,5
sergio-perez,austria,2020,6
pierre-gasly,austria,2020,7
esteban-ocon,austria,2020,8
alexander-albon,austria,2020,13
george-russell,austria,2020,23
lance-stroll,austria,2020,23
max-verstappen,austria,2020,23
lewis-hamilton,hungary,2020,1
max-verstappen,hungary,2020,2
valtteri-bottas,hungary,2020,3
lance-stroll,hungary,2020,4
alexander-albon,hungary,2020,5
sergio-perez,hungary,2020,7
carlos-sainz-jr,hungary,2020,9
charles-leclerc,hungary,2020,11
lando-norris,hungary,2020,13
esteban-ocon,hungary,2020,14
george-russell,hungary,2020,18
pierre-gasly,hungary,2020,23
lewis-hamilton,spain,2020,1
max-verstappen,spain,2020,2
valtteri-bottas,spain,2020,3
lance-stroll,spain,2020,4
sergio-perez,spain,2020,5
carlos-sainz-jr,spain,2020,6
alexander-albon,spain,2020,8
pierre-gasly,spain,2020,9
lando-norris,spain,2020,10
esteban-ocon,spain,2020,13
george-russell,spain,2020,17
charles-leclerc,spain,2020,23
lewis-hamilton,belgium,2020,1
valtteri-bottas,belgium,2020,2
max-verstappen,belgium,2020,3
esteban-ocon,belgium,2020,5
alexander-albon,belgium,2020,6
lando-norris,belgium,2020,7
pierre-gasly,belgium,2020,8
lance-stroll,belgium,2020,9
sergio-perez,belgium,2020,10
charles-leclerc,belgium,2020,14
george-russell,belgium,2020,23
carlos-sainz-jr,belgium,2020,25
pierre-gasly,italy,2020,1
carlos-sainz-jr,italy,2020,2
lance-stroll,italy,2020,3
lando-norris,italy,2020,4
valtteri-bottas,italy,2020,5
lewis-hamilton,italy,2020,7
esteban-ocon,italy,2020,8
sergio-perez,italy,2020,10
george-russell,italy,2020,14
alexander-albon,italy,2020,15
max-verstappen,italy,2020,23
charles-leclerc,italy,2020,23
lewis-hamilton,bahrain,2020,1
max-verstappen,bahrain,2020,2
alexander-albon,bahrain,2020,3
lando-norris,bahrain,2020,4
carlos-sainz-jr,bahrain,2020,5
pierre-gasly,bahrain,2020,6
valtteri-bottas,bahrain,2020,8
esteban-ocon,bahrain,2020,9
charles-leclerc,bahrain,2020,10
george-russell,bahrain,2020,12
sergio-perez,bahrain,2020,18
lance-stroll,bahrain,2020,23
lewis-hamilton,bahrain,2021,1
max-verstappen,bahrain,2021,2
valtteri-bottas,bahrain,2021,3
lando-norris,bahrain,2021,4
sergio-perez,bahrain,2021,5
charles-leclerc,bahrain,2021,6
carlos-sainz-jr,bahrain,2021,8
lance-stroll,bahrain,2021,10
esteban-ocon,bahrain,2021,13
george-russell,bahrain,2021,14
pierre-gasly,bahrain,2021,17
fernando-alonso,bahrain,2021,23
lewis-hamilton,spain,2021,1
max-verstappen,spain,2021,2
valtteri-bottas,spain,2021,3
charles-leclerc,spain,2021,4
sergio-perez,spain,2021,5
carlos-sainz-jr,spain,2021,7
lando-norris,spain,2021,8
esteban-ocon,spain,2021,9
pierre-gasly,spain,2021,10
lance-stroll,spain,2021,11
george-russell,spain,2021,14
fernando-alonso,spain,2021,17
max-verstappen,monaco,2021,1
carlos-sainz-jr,monaco,2021,2
lando-norris,monaco,2021,3
sergio-perez,monaco,2021,4
pierre-gasly,monaco,2021,6
lewis-hamilton,monaco,2021,7
lance-stroll,monaco,2021,8
esteban-ocon,monaco,2021,9
fernando-alonso,monaco,2021,13
george-russell,monaco,2021,14
valtteri-bottas,monaco,2021,23
charles-leclerc,monaco,2021,25
sergio-perez,azerbaijan,2021,1
pierre-gasly,azerbaijan,2021,3
charles-leclerc,azerbaijan,2021,4
lando-norris,azerbaijan,2021,5
fernando-alonso,azerbaijan,2021,6
carlos-sainz-jr,azerbaijan,2021,8
valtteri-bottas,azerbaijan,2021,12
lewis-hamilton,azerbaijan,2021,15
george-russell,azerbaijan,2021,17
max-verstappen,azerbaijan,2021,18
lance-stroll,azerbaijan,2021,23
esteban-ocon,azerbaijan,2021,23
max-verstappen,austria,2021,1
valtteri-bottas,austria,2021,2
lando-norris,austria,2021,3
lewis-hamilton,austria,2021,4
carlos-sainz-jr,austria,2021,5
sergio-perez,austria,2021,6
charles-leclerc,austria,2021,8
pierre-gasly,austria,2021,9
fernando-alonso,austria,2021,10
george-russell,austria,2021,11
lance-stroll,austria,2021,13
esteban-ocon,austria,2021,23
esteban-ocon,hungary,2021,1
lewis-hamilton,hungary,2021,2
carlos-sainz-jr,hungary,2021,3
fernando-alonso,hungary,2021,4
pierre-gasly,hungary,2021,5
george-russell,hungary,2021,8
max-verstappen,hungary,2021,9
lando-norris,hungary,2021,23
valtteri-bottas,hungary,2021,23
sergio-perez,hungary,2021,23
charles-leclerc,hungary,2021,23
lance-stroll,hungary,2021,23
max-verstappen,belgium,2021,1
george-russell,belgium,2021,2
lewis-hamilton,belgium,2021,3
pierre-gasly,belgium,2021,6
esteban-ocon,belgium,2021,7
charles-leclerc,belgium,2021,8
carlos-sainz-jr,belgium,2021,10
fernando-alonso,belgium,2021,11
valtteri-bottas,belgium,2021,12
lando-norris,belgium,2021,14
sergio-perez,belgium,2021,19
lance-stroll,belgium,2021,20
max-verstappen,netherlands,2021,1
lewis-hamilton,netherlands,2021,2
valtteri-bottas,netherlands,2021,3
pierre-gasly,netherlands,2021,4
charles-leclerc,netherlands,2021,5
fernando-alonso,netherlands,2021,6
carlos-sainz-jr,netherlands,2021,7
sergio-perez,netherlands,2021,8
esteban-ocon,netherlands,2021,9
lando-norris,netherlands,2021,10
lance-stroll,netherlands,2021,12
george-russell,netherlands,2021,17
lando-norris,italy,2021,2
valtteri-bottas,italy,2021,3
charles-leclerc,italy,2021,4
sergio-perez,italy,2021,5
carlos-sainz-jr,italy,2021,6
lance-stroll,italy,2021,7
fernando-alonso,italy,2021,8
george-russell,italy,2021,9
esteban-ocon,italy,2021,10
lewis-hamilton,italy,2021,23
max-verstappen,italy,2021,23
pierre-gasly,italy,2021,23
max-verstappen,mexico,2021,1
lewis-hamilton,mexico,2021,2
sergio-perez,mexico,2021,3
pierre-gasly,mexico,2021,4
charles-leclerc,mexico,2021,5
carlos-sainz-jr,mexico,2021,6
fernando-alonso,mexico,2021,9
lando-norris,mexico,2021,10
esteban-ocon,mexico,2021,13
lance-stroll,mexico,2021,14
valtteri-bottas,mexico,2021,15
george-russell,mexico,2021,16
lewis-hamilton,qatar,2021,1
max-verstappen,qatar,2021,2
fernando-alonso,qatar,2021,3
sergio-perez,qatar,2021,4
esteban-ocon,qatar,2021,5
lance-stroll,qatar,2021,6
carlos-sainz-jr,qatar,2021,7
charles-leclerc,qatar,2021,8
lando-norris,qatar,2021,9
pierre-gasly,qatar,2021,11
george-russell,qatar,2021,17
valtteri-bottas,qatar,2021,23
charles-leclerc,bahrain,2022,1
carlos-sainz-jr,bahrain,2022,2
lewis-hamilton,bahrain,2022,3
george-russell,bahrain,2022,4
valtteri-bottas,bahrain,2022,6
esteban-ocon,bahrain,2022,7
fernando-alonso,bahrain,2022,9
lance-stroll,bahrain,2022,12
alexander-albon,bahrain,2022,13
lando-norris,bahrain,2022,15
nico-hulkenberg,bahrain,2022,17
sergio-perez,bahrain,2022,18
max-verstappen,bahrain,2022,19
pierre-gasly,bahrain,2022,23
charles-leclerc,australia,2022,1
sergio-perez,australia,2022,2
george-russell,australia,2022,3
lewis-hamilton,australia,2022,4
lando-norris,australia,2022,5
esteban-ocon,australia,2022,7
valtteri-bottas,australia,2022,8
pierre-gasly,australia,2022,9
alexander-albon,australia,2022,10
lance-stroll,australia,2022,12
fernando-alonso,australia,2022,17
max-verstappen,australia,2022,23
carlos-sainz-jr,australia,2022,23
max-verstappen,miami,2022,1
charles-leclerc,miami,2022,2
carlos-sainz-jr,miami,2022,3
sergio-perez,miami,2022,4
george-russell,miami,2022,5
lewis-hamilton,miami,2022,6
valtteri-bottas,miami,2022,7
esteban-ocon,miami,2022,8
alexander-albon,miami,2022,9
lance-stroll,miami,2022,10
fernando-alonso,miami,2022,11
pierre-gasly,miami,2022,23
lando-norris,miami,2022,23
max-verstappen,spain,2022,1
sergio-perez,spain,2022,2
george-russell,spain,2022,3
carlos-sainz-jr,spain,2022,4
lewis-hamilton,spain,2022,5
valtteri-bottas,spain,2022,6
esteban-ocon,spain,2022,7
lando-norris,spain,2022,8
fernando-alonso,spain,2022,9
pierre-gasly,spain,2022,13
lance-stroll,spain,2022,15
alexander-albon,spain,2022,18
charles-leclerc,spain,2022,23
sergio-perez,monaco,2022,1
carlos-sainz-jr,monaco,2022,2
max-verstappen,monaco,2022,3
charles-leclerc,monaco,2022,4
george-russell,monaco,2022,5
lando-norris,monaco,2022,6
fernando-alonso,monaco,2022,7
lewis-hamilton,monaco,2022,8
valtteri-bottas,monaco,2022,9
pierre-gasly,monaco,2022,11
esteban-ocon,monaco,2022,12
lance-stroll,monaco,2022,14
alexander-albon,monaco,2022,23
max-verstappen,azerbaijan,2022,1
sergio-perez,azerbaijan,2022,2
george-russell,azerbaijan,2022,3
lewis-hamilton,azerbaijan,2022,4
pierre-gasly,azerbaijan,2022,5
fernando-alonso,azerbaijan,2022,7
lando-norris,azerbaijan,2022,9
esteban-ocon,azerbaijan,2022,10
valtteri-bottas,azerbaijan,2022,11
alexander-albon,azerbaijan,2022,12
lance-stroll,azerbaijan,2022,16
charles-leclerc,azerbaijan,2022,23
carlos-sainz-jr,azerbaijan,2022,23
max-verstappen,canada,2022,1
carlos-sainz-jr,canada,2022,2
lewis-hamilton,canada,2022,3
george-russell,canada,2022,4
charles-leclerc,canada,2022,5
esteban-ocon,canada,2022,6
valtteri-bottas,canada,2022,7
fernando-alonso,canada,2022,9
lance-stroll,canada,2022,10
alexander-albon,canada,2022,13
pierre-gasly,canada,2022,14
lando-norris,canada,2022,15
sergio-perez,canada,2022,23
charles-leclerc,austria,2022,1
max-verstappen,austria,2022,2
lewis-hamilton,austria,2022,3
george-russell,austria,2022,4
esteban-ocon,austria,2022,5
lando-norris,austria,2022,7
fernando-alonso,austria,2022,10
valtteri-bottas,austria,2022,11
alexander-albon,austria,2022,12
lance-stroll,austria,2022,13
pierre-gasly,austria,2022,15
carlos-sainz-jr,austria,2022,23
sergio-perez,austria,2022,23
max-verstappen,hungary,2022,1
lewis-hamilton,hungary,2022,2
george-russell,hungary,2022,3
carlos-sainz-jr,hungary,2022,4
sergio-perez,hungary,2022,5
charles-leclerc,hungary,2022,6
lando-norris,hungary,2022,7
fernando-alonso,hungary,2022,8
esteban-ocon,hungary,2022,9
lance-stroll,hungary,2022,11
pierre-gasly,hungary,2022,12
alexander-albon,hungary,2022,17
valtteri-bottas,hungary,2022,20
max-verstappen,belgium,2022,1
sergio-perez,belgium,2022,2
carlos-sainz-jr,belgium,2022,3
george-russell,belgium,2022,4
fernando-alonso,belgium,2022,5
charles-leclerc,belgium,2022,6
esteban-ocon,belgium,2022,7
pierre-gasly,belgium,2022,9
alexander-albon,belgium,2022,10
lance-stroll,belgium,2022,11
lando-norris,belgium,2022,12
valtteri-bottas,belgium,2022,23
lewis-hamilton,belgium,2022,23
max-verstappen,netherlands,2022,1
george-russell,netherlands,2022,2
charles-leclerc,netherlands,2022,3
lewis-hamilton,netherlands,2022,4
sergio-perez,netherlands,2022,5
fernando-alonso,netherlands,2022,6
lando-norris,netherlands,2022,7
carlos-sainz-jr,netherlands,2022,8
esteban-ocon,netherlands,2022,9
lance-stroll,netherlands,2022,10
pierre-gasly,netherlands,2022,11
alexander-albon,netherlands,2022,12
valtteri-bottas,netherlands,2022,23
max-verstappen,italy,2022,1
charles-leclerc,italy,2022,2
george-russell,italy,2022,3
carlos-sainz-jr,italy,2022,4
lewis-hamilton,italy,2022,5
sergio-perez,italy,2022,6
lando-norris,italy,2022,7
pierre-gasly,italy,2022,8
esteban-ocon,italy,2022,11
valtteri-bottas,italy,2022,13
lance-stroll,italy,2022,23
fernando-alonso,italy,2022,23
sergio-perez,singapore,2022,1
charles-leclerc,singapore,2022,2
carlos-sainz-jr,singapore,2022,3
lando-norris,singapore,2022,4
lance-stroll,singapore,2022,6
max-verstappen,singapore,2022,7
lewis-hamilton,singapore,2022,9
pierre-gasly,singapore,2022,10
valtteri-bottas,singapore,2022,11
george-russell,singapore,2022,14
esteban-ocon,singapore,2022,23
alexander-albon,singapore,2022,23
fernando-alonso,singapore,2022,23
max-verstappen,japan,2022,1
sergio-perez,japan,2022,2
charles-leclerc,japan,2022,3
esteban-ocon,japan,2022,4
lewis-hamilton,japan,2022,5
fernando-alonso,japan,2022,7
george-russell,japan,2022,8
lando-norris,japan,2022,10
lance-stroll,japan,2022,12
valtteri-bottas,japan,2022,15
pierre-gasly,japan,2022,18
carlos-sainz-jr,japan,2022,23
alexander-albon,japan,2022,23
max-verstappen,mexico,2022,1
lewis-hamilton,mexico,2022,2
sergio-perez,mexico,2022,3
george-russell,mexico,2022,4
carlos-sainz-jr,mexico,2022,5
charles-leclerc,mexico,2022,6
esteban-ocon,mexico,2022,8
lando-norris,mexico,2022,9
valtteri-bottas,mexico,2022,10
pierre-gasly,mexico,2022,11
alexander-albon,mexico,2022,12
lance-stroll,mexico,2022,15
fernando-alonso,mexico,2022,19
max-verstappen,bahrain,2023,1
sergio-perez,bahrain,2023,2
fernando-alonso,bahrain,2023,3
carlos-sainz-jr,bahrain,2023,4
lewis-hamilton,bahrain,2023,5
lance-stroll,bahrain,2023,6
george-russell,bahrain,2023,7
valtteri-bottas,bahrain,2023,8
pierre-gasly,bahrain,2023,9
alexander-albon,bahrain,2023,10
nico-hulkenberg,bahrain,2023,15
lando-norris,bahrain,2023,17
esteban-ocon,bahrain,2023,23
charles-leclerc,bahrain,2023,23
oscar-piastri,bahrain,2023,23
max-verstappen,australia,2023,1
lewis-hamilton,australia,2023,2
fernando-alonso,australia,2023,3
lance-stroll,australia,2023,4
sergio-perez,australia,2023,5
lando-norris,australia,2023,6
nico-hulkenberg,australia,2023,7
oscar-piastri,australia,2023,8
valtteri-bottas,australia,2023,11
carlos-sainz-jr,australia,2023,12
pierre-gasly,australia,2023,13
esteban-ocon,australia,2023,14
george-russell,australia,2023,23
alexander-albon,australia,2023,23
charles-leclerc,australia,2023,23
sergio-perez,azerbaijan,2023,1
max-verstappen,azerbaijan,2023,2
charles-leclerc,azerbaijan,2023,3
fernando-alonso,azerbaijan,2023,4
carlos-sainz-jr,azerbaijan,2023,5
lewis-hamilton,azerbaijan,2023,6
lance-stroll,azerbaijan,2023,7
george-russell,azerbaijan,2023,8
lando-norris,azerbaijan,2023,9
oscar-piastri,azerbaijan,2023,11
alexander-albon,azerbaijan,2023,12
pierre-gasly,azerbaijan,2023,14
esteban-ocon,azerbaijan,2023,15
nico-hulkenberg,azerbaijan,2023,17
valtteri-bottas,azerbaijan,2023,18
max-verstappen,miami,2023,1
sergio-perez,miami,2023,2
fernando-alonso,miami,2023,3
george-russell,miami,2023,4
carlos-sainz-jr,miami,2023,5
lewis-hamilton,miami,2023,6
charles-leclerc,miami,2023,7
pierre-gasly,miami,2023,8
esteban-ocon,miami,2023,9
lance-stroll,miami,2023,12
valtteri-bottas,miami,2023,13
alexander-albon,miami,2023,14
nico-hulkenberg,miami,2023,15
lando-norris,miami,2023,17
oscar-piastri,miami,2023,19
max-verstappen,monaco,2023,1
fernando-alonso,monaco,2023,2
esteban-ocon,monaco,2023,3
lewis-hamilton,monaco,2023,4
george-russell,monaco,2023,5
charles-leclerc,monaco,2023,6
pierre-gasly,monaco,2023,7
carlos-sainz-jr,monaco,2023,8
lando-norris,monaco,2023,9
oscar-piastri,monaco,2023,10
valtteri-bottas,monaco,2023,11
alexander-albon,monaco,2023,14
sergio-perez,monaco,2023,16
nico-hulkenberg,monaco,2023,17
lance-stroll,monaco,2023,23
max-verstappen,spain,2023,1
lewis-hamilton,spain,2023,2
george-russell,spain,2023,3
sergio-perez,spain,2023,4
carlos-sainz-jr,spain,2023,5
lance-stroll,spain,2023,6
fernando-alonso,spain,2023,7
esteban-ocon,spain,2023,8
pierre-gasly,spain,2023,10
charles-leclerc,spain,2023,11
oscar-piastri,spain,2023,13
nico-hulkenberg,spain,2023,15
alexander-albon,spain,2023,16
lando-norris,spain,2023,17
valtteri-bottas,spain,2023,19
max-verstappen,canada,2023,1
fernando-alonso,canada,2023,2
lewis-hamilton,canada,2023,3
charles-leclerc,canada,2023,4
carlos-sainz-jr,canada,2023,5
sergio-perez,canada,2023,6
alexander-albon,canada,2023,7
esteban-ocon,canada,2023,8
lance-stroll,canada,2023,9
valtteri-bottas,canada,2023,10
oscar-piastri,canada,2023,11
pierre-gasly,canada,2023,12
lando-norris,canada,2023,13
nico-hulkenberg,canada,2023,15
george-russell,canada,2023,23
max-verstappen,austria,2023,1
charles-leclerc,austria,2023,2
sergio-perez,austria,2023,3
lando-norris,austria,2023,4
fernando-alonso,austria,2023,5
carlos-sainz-jr,austria,2023,6
george-russell,austria,2023,7
lewis-hamilton,austria,2023,8
lance-stroll,austria,2023,9
pierre-gasly,austria,2023,10
alexander-albon,austria,2023,11
esteban-ocon,austria,2023,14
valtteri-bottas,austria,2023,15
oscar-piastri,austria,2023,16
nico-hulkenberg,austria,2023,23
max-verstappen,hungary,2023,1
lando-norris,hungary,2023,2
sergio-perez,hungary,2023,3
lewis-hamilton,hungary,2023,4
oscar-piastri,hungary,2023,5
george-russell,hungary,2023,6
charles-leclerc,hungary,2023,7
carlos-sainz-jr,hungary,2023,8
fernando-alonso,hungary,2023,9
lance-stroll,hungary,2023,10
alexander-albon,hungary,2023,11
valtteri-bottas,hungary,2023,12
nico-hulkenberg,hungary,2023,14
esteban-ocon,hungary,2023,23
pierre-gasly,hungary,2023,23
max-verstappen,belgium,2023,1
sergio-perez,belgium,2023,2
charles-leclerc,belgium,2023,3
lewis-hamilton,belgium,2023,4
fernando-alonso,belgium,2023,5
george-russell,belgium,2023,6
lando-norris,belgium,2023,7
esteban-ocon,belgium,2023,8
lance-stroll,belgium,2023,9
pierre-gasly,belgium,2023,11
valtteri-bottas,belgium,2023,12
alexander-albon,belgium,2023,14
nico-hulkenberg,belgium,2023,18
carlos-sainz-jr,belgium,2023,23
oscar-piastri,belgium,2023,23
max-verstappen,netherlands,2023,1
fernando-alonso,netherlands,2023,2
pierre-gasly,netherlands,2023,3
sergio-perez,netherlands,2023,4
carlos-sainz-jr,netherlands,2023,5
lewis-hamilton,netherlands,2023,6
lando-norris,netherlands,2023,7
alexander-albon,netherlands,2023,8
oscar-piastri,netherlands,2023,9
esteban-ocon,netherlands,2023,10
lance-stroll,netherlands,2023,11
nico-hulkenberg,netherlands,2023,12
liam-lawson,netherlands,2023,13
valtteri-bottas,netherlands,2023,14
george-russell,netherlands,2023,17
charles-leclerc,netherlands,2023,23
max-verstappen,italy,2023,1
sergio-perez,italy,2023,2
carlos-sainz-jr,italy,2023,3
charles-leclerc,italy,2023,4
george-russell,italy,2023,5
lewis-hamilton,italy,2023,6
alexander-albon,italy,2023,7
lando-norris,italy,2023,8
fernando-alonso,italy,2023,9
valtteri-bottas,italy,2023,10
liam-lawson,italy,2023,11
oscar-piastri,italy,2023,12
pierre-gasly,italy,2023,15
lance-stroll,italy,2023,16
nico-hulkenberg,italy,2023,17
esteban-ocon,italy,2023,23
carlos-sainz-jr,singapore,2023,1
lando-norris,singapore,2023,2
lewis-hamilton,singapore,2023,3
charles-leclerc,singapore,2023,4
max-verstappen,singapore,2023,5
pierre-gasly,singapore,2023,6
oscar-piastri,singapore,2023,7
sergio-perez,singapore,2023,8
liam-lawson,singapore,2023,9
alexander-albon,singapore,2023,11
nico-hulkenberg,singapore,2023,13
fernando-alonso,singapore,2023,15
george-russell,singapore,2023,16
valtteri-bottas,singapore,2023,23
esteban-ocon,singapore,2023,23
lance-stroll,singapore,2023,25
max-verstappen,japan,2023,1
lando-norris,japan,2023,2
oscar-piastri,japan,2023,3
charles-leclerc,japan,2023,4
lewis-hamilton,japan,2023,5
carlos-sainz-jr,japan,2023,6
george-russell,japan,2023,7
fernando-alonso,japan,2023,8
esteban-ocon,japan,2023,9
pierre-gasly,japan,2023,10
liam-lawson,japan,2023,11
nico-hulkenberg,japan,2023,14
alexander-albon,japan,2023,23
lance-stroll,japan,2023,23
sergio-perez,japan,2023,23
valtteri-bottas,japan,2023,23
max-verstappen,qatar,2023,1
oscar-piastri,qatar,2023,2
lando-norris,qatar,2023,3
george-russell,qatar,2023,4
charles-leclerc,qatar,2023,5
fernando-alonso,qatar,2023,6
esteban-ocon,qatar,2023,7
valtteri-bottas,qatar,2023,8
sergio-perez,qatar,2023,10
lance-stroll,qatar,2023,11
pierre-gasly,qatar,2023,12
alexander-albon,qatar,2023,13
nico-hulkenberg,qatar,2023,16
liam-lawson,qatar,2023,17
lewis-hamilton,qatar,2023,23
carlos-sainz-jr,qatar,2023,25
max-verstappen,mexico,2023,1
lewis-hamilton,mexico,2023,2
charles-leclerc,mexico,2023,3
carlos-sainz-jr,mexico,2023,4
lando-norris,mexico,2023,5
george-russell,mexico,2023,6
oscar-piastri,mexico,2023,8
alexander-albon,mexico,2023,9
esteban-ocon,mexico,2023,10
pierre-gasly,mexico,2023,11
nico-hulkenberg,mexico,2023,13
valtteri-bottas,mexico,2023,15
lance-stroll,mexico,2023,17
fernando-alonso,mexico,2023,23
sergio-perez,mexico,2023,23
max-verstappen,bahrain,2024,1
sergio-perez,bahrain,2024,2
carlos-sainz-jr,bahrain,2024,3
charles-leclerc,bahrain,2024,4
george-russell,bahrain,2024,5
lando-norris,bahrain,2024,6
lewis-hamilton,bahrain,2024,7
oscar-piastri,bahrain,2024,8
fernando-alonso,bahrain,2024,9
lance-stroll,bahrain,2024,10
alexander-albon,bahrain,2024,15
nico-hulkenberg,bahrain,2024,16
esteban-ocon,bahrain,2024,17
pierre-gasly,bahrain,2024,18
valtteri-bottas,bahrain,2024,19
carlos-sainz-jr,australia,2024,1
charles-leclerc,australia,2024,2
lando-norris,australia,2024,3
oscar-piastri,australia,2024,4
sergio-perez,australia,2024,5
lance-stroll,australia,2024,6
fernando-alonso,australia,2024,8
nico-hulkenberg,australia,2024,9
alexander-albon,australia,2024,11
pierre-gasly,australia,2024,13
valtteri-bottas,australia,2024,14
esteban-ocon,australia,2024,16
george-russell,australia,2024,17
lewis-hamilton,australia,2024,23
max-verstappen,australia,2024,23
max-verstappen,japan,2024,1
sergio-perez,japan,2024,2
carlos-sainz-jr,japan,2024,3
charles-leclerc,japan,2024,4
lando-norris,japan,2024,5
fernando-alonso,japan,2024,6
george-russell,japan,2024,7
oscar-piastri,japan,2024,8
lewis-hamilton,japan,2024,9
nico-hulkenberg,japan,2024,11
lance-stroll,japan,2024,12
valtteri-bottas,japan,2024,14
esteban-ocon,japan,2024,15
pierre-gasly,japan,2024,16
alexander-albon,japan,2024,23
max-verstappen,china,2024,1
lando-norris,china,2024,2
sergio-perez,china,2024,3
charles-leclerc,china,2024,4
carlos-sainz-jr,china,2024,5
george-russell,china,2024,6
fernando-alonso,china,2024,7
oscar-piastri,china,2024,8
lewis-hamilton,china,2024,9
nico-hulkenberg,china,2024,10
esteban-ocon,china,2024,11
alexander-albon,china,2024,12
pierre-gasly,china,2024,13
lance-stroll,china,2024,15
valtteri-bottas,china,2024,23
lando-norris,miami,2024,1
max-verstappen,miami,2024,2
charles-leclerc,miami,2024,3
sergio-perez,miami,2024,4
carlos-sainz-jr,miami,2024,5
lewis-hamilton,miami,2024,6
george-russell,miami,2024,8
fernando-alonso,miami,2024,9
esteban-ocon,miami,2024,10
nico-hulkenberg,miami,2024,11
pierre-gasly,miami,2024,12
oscar-piastri,miami,2024,13
valtteri-bottas,miami,2024,16
lance-stroll,miami,2024,17
alexander-albon,miami,2024,18
charles-leclerc,monaco,2024,1
oscar-piastri,monaco,2024,2
carlos-sainz-jr,monaco,2024,3
lando-norris,monaco,2024,4
george-russell,monaco,2024,5
max-verstappen,monaco,2024,6
lewis-hamilton,monaco,2024,7
alexander-albon,monaco,2024,9
pierre-gasly,monaco,2024,10
fernando-alonso,monaco,2024,11
valtteri-bottas,monaco,2024,13
lance-stroll,monaco,2024,14
esteban-ocon,monaco,2024,23
sergio-perez,monaco,2024,23
nico-hulkenberg,monaco,2024,23
max-verstappen,canada,2024,1
lando-norris,canada,2024,2
george-russell,canada,2024,3
lewis-hamilton,canada,2024,4
oscar-piastri,canada,2024,5
fernando-alonso,canada,2024,6
lance-stroll,canada,2024,7
pierre-gasly,canada,2024,9
esteban-ocon,canada,2024,10
nico-hulkenberg,canada,2024,11
valtteri-bottas,canada,2024,13
carlos-sainz-jr,canada,2024,23
alexander-albon,canada,2024,23
sergio-perez,canada,2024,23
charles-leclerc,canada,2024,23
max-verstappen,spain,2024,1
lando-norris,spain,2024,2
lewis-hamilton,spain,2024,3
george-russell,spain,2024,4
charles-leclerc,spain,2024,5
carlos-sainz-jr,spain,2024,6
oscar-piastri,spain,2024,7
sergio-perez,spain,2024,8
pierre-gasly,spain,2024,9
esteban-ocon,spain,2024,10
nico-hulkenberg,spain,2024,11
fernando-alonso,spain,2024,12
lance-stroll,spain,2024,14
valtteri-bottas,spain,2024,16
alexander-albon,spain,2024,18
george-russell,austria,2024,1
oscar-piastri,austria,2024,2
carlos-sainz-jr,austria,2024,3
lewis-hamilton,austria,2024,4
max-verstappen,austria,2024,5
nico-hulkenberg,austria,2024,6
sergio-perez,austria,2024,7
pierre-gasly,austria,2024,10
charles-leclerc,austria,2024,11
esteban-ocon,austria,2024,12
lance-stroll,austria,2024,13
alexander-albon,austria,2024,15
valtteri-bottas,austria,2024,16
fernando-alonso,austria,2024,18
lando-norris,austria,2024,20
oscar-piastri,hungary,2024,1
lando-norris,hungary,2024,2
lewis-hamilton,hungary,2024,3
charles-leclerc,hungary,2024,4
max-verstappen,hungary,2024,5
carlos-sainz-jr,hungary,2024,6
sergio-perez,hungary,2024,7
george-russell,hungary,2024,8
lance-stroll,hungary,2024,10
fernando-alonso,hungary,2024,11
nico-hulkenberg,hungary,2024,13
alexander-albon,hungary,2024,14
valtteri-bottas,hungary,2024,16
esteban-ocon,hungary,2024,18
pierre-gasly,hungary,2024,23
lewis-hamilton,belgium,2024,1
oscar-piastri,belgium,2024,2
charles-leclerc,belgium,2024,3
max-verstappen,belgium,2024,4
lando-norris,belgium,2024,5
carlos-sainz-jr,belgium,2024,6
sergio-perez,belgium,2024,7
fernando-alonso,belgium,2024,8
esteban-ocon,belgium,2024,9
lance-stroll,belgium,2024,11
alexander-albon,belgium,2024,12
pierre-gasly,belgium,2024,13
valtteri-bottas,belgium,2024,15
nico-hulkenberg,belgium,2024,18
george-russell,belgium,2024,24
lando-norris,netherlands,2024,1
max-verstappen,netherlands,2024,2
charles-leclerc,netherlands,2024,3
oscar-piastri,netherlands,2024,4
carlos-sainz-jr,netherlands,2024,5
sergio-perez,netherlands,2024,6
george-russell,netherlands,2024,7
lewis-hamilton,netherlands,2024,8
pierre-gasly,netherlands,2024,9
fernando-alonso,netherlands,2024,10
nico-hulkenberg,netherlands,2024,11
lance-stroll,netherlands,2024,13
alexander-albon,netherlands,2024,14
esteban-ocon,netherlands,2024,15
valtteri-bottas,netherlands,2024,19
charles-leclerc,italy,2024,1
oscar-piastri,italy,2024,2
lando-norris,italy,2024,3
carlos-sainz-jr,italy,2024,4
lewis-hamilton,italy,2024,5
max-verstappen,italy,2024,6
george-russell,italy,2024,7
sergio-perez,italy,2024,8
alexander-albon,italy,2024,9
fernando-alonso,italy,2024,11
franco-colapinto,italy,2024,12
esteban-ocon,italy,2024,14
pierre-gasly,italy,2024,15
valtteri-bottas,italy,2024,16
nico-hulkenberg,italy,2024,17
lance-stroll,italy,2024,19
oscar-piastri,azerbaijan,2024,1
charles-leclerc,azerbaijan,2024,2
george-russell,azerbaijan,2024,3
lando-norris,azerbaijan,2024,4
max-verstappen,azerbaijan,2024,5
fernando-alonso,azerbaijan,2024,6
alexander-albon,azerbaijan,2024,7
franco-colapinto,azerbaijan,2024,8
lewis-hamilton,azerbaijan,2024,9
oliver-bearman,azerbaijan,2024,10
nico-hulkenberg,azerbaijan,2024,11
pierre-gasly,azerbaijan,2024,12
esteban-ocon,azerbaijan,2024,15
valtteri-bottas,azerbaijan,2024,16
sergio-perez,azerbaijan,2024,17
carlos-sainz-jr,azerbaijan,2024,18
lance-stroll,azerbaijan,2024,19
lando-norris,singapore,2024,1
max-verstappen,singapore,2024,2
oscar-piastri,singapore,2024,3
george-russell,singapore,2024,4
charles-leclerc,singapore,2024,5
lewis-hamilton,singapore,2024,6
carlos-sainz-jr,singapore,2024,7
fernando-alonso,singapore,2024,8
nico-hulkenberg,singapore,2024,9
sergio-perez,singapore,2024,10
franco-colapinto,singapore,2024,11
esteban-ocon,singapore,2024,13
lance-stroll,singapore,2024,14
valtteri-bottas,singapore,2024,16
pierre-gasly,singapore,2024,17
alexander-albon,singapore,2024,23
carlos-sainz-jr,mexico,2024,1
lando-norris,mexico,2024,2
charles-leclerc,mexico,2024,3
lewis-hamilton,mexico,2024,4
george-russell,mexico,2024,5
max-verstappen,mexico,2024,6
oscar-piastri,mexico,2024,8
nico-hulkenberg,mexico,2024,9
pierre-gasly,mexico,2024,10
lance-stroll,mexico,2024,11
franco-colapinto,mexico,2024,12
esteban-ocon,mexico,2024,13
valtteri-bottas,mexico,2024,14
liam-lawson,mexico,2024,16
sergio-perez,mexico,2024,17
fernando-alonso,mexico,2024,23
alexander-albon,mexico,2024,23
max-verstappen,qatar,2024,1
charles-leclerc,qatar,2024,2
oscar-piastri,qatar,2024,3
george-russell,qatar,2024,4
pierre-gasly,qatar,2024,5
carlos-sainz-jr,qatar,2024,6
fernando-alonso,qatar,2024,7
lando-norris,qatar,2024,10
valtteri-bottas,qatar,2024,11
lewis-hamilton,qatar,2024,12
liam-lawson,qatar,2024,14
alexander-albon,qatar,2024,15
nico-hulkenberg,qatar,2024,23
sergio-perez,qatar,2024,23
lance-stroll,qatar,2024,23
franco-colapinto,qatar,2024,23
esteban-ocon,qatar,2024,23
lando-norris,australia,2025,1
max-verstappen,australia,2025,2
george-russell,australia,2025,3
kimi-antonelli,australia,2025,4
alexander-albon,australia,2025,5
lance-stroll,australia,2025,6
nico-hulkenberg,australia,2025,7
charles-leclerc,australia,2025,8
oscar-piastri,australia,2025,9
lewis-hamilton,australia,2025,10
pierre-gasly,australia,2025,11
esteban-ocon,australia,2025,13
oliver-bearman,australia,2025,14
liam-lawson,australia,2025,23
gabriel-bortoleto,australia,2025,23
fernando-alonso,australia,2025,23
carlos-sainz-jr,australia,2025,23
isack-hadjar,australia,2025,23
oscar-piastri,china,2025,1
lando-norris,china,2025,2
george-russell,china,2025,3
max-verstappen,china,2025,4
esteban-ocon,china,2025,5
kimi-antonelli,china,2025,6
alexander-albon,china,2025,7
oliver-bearman,china,2025,8
lance-stroll,china,2025,9
carlos-sainz-jr,china,2025,10
isack-hadjar,china,2025,11
liam-lawson,china,2025,12
gabriel-bortoleto,china,2025,14
nico-hulkenberg,china,2025,15
fernando-alonso,china,2025,23
charles-leclerc,china,2025,24
lewis-hamilton,china,2025,24
pierre-gasly,china,2025,24
max-verstappen,japan,2025,1
lando-norris,japan,2025,2
oscar-piastri,japan,2025,3
charles-leclerc,japan,2025,4
george-russell,japan,2025,5
kimi-antonelli,japan,2025,6
lewis-hamilton,japan,2025,7
isack-hadjar,japan,2025,8
alexander-albon,japan,2025,9
oliver-bearman,japan,2025,10
fernando-alonso,japan,2025,11
pierre-gasly,japan,2025,13
carlos-sainz-jr,japan,2025,14
nico-hulkenberg,japan,2025,16
liam-lawson,japan,2025,17
esteban-ocon,japan,2025,18
gabriel-bortoleto,japan,2025,19
lance-stroll,japan,2025,20
oscar-piastri,bahrain,2025,1
george-russell,bahrain,2025,2
lando-norris,bahrain,2025,3
charles-leclerc,bahrain,2025,4
lewis-hamilton,bahrain,2025,5
max-verstappen,bahrain,2025,6
pierre-gasly,bahrain,2025,7
esteban-ocon,bahrain,2025,8
oliver-bearman,bahrain,2025,10
kimi-antonelli,bahrain,2025,11
alexander-albon,bahrain,2025,12
isack-hadjar,bahrain,2025,13
fernando-alonso,bahrain,2025,15
liam-lawson,bahrain,2025,16
lance-stroll,bahrain,2025,17
gabriel-bortoleto,bahrain,2025,18
carlos-sainz-jr,bahrain,2025,23
nico-hulkenberg,bahrain,2025,24
oscar-piastri,miami,2025,1
lando-norris,miami,2025,2
george-russell,miami,2025,3
max-verstappen,miami,2025,4
alexander-albon,miami,2025,5
kimi-antonelli,miami,2025,6
charles-leclerc,miami,2025,7
lewis-hamilton,miami,2025,8
carlos-sainz-jr,miami,2025,9
isack-hadjar,miami,2025,11
esteban-ocon,miami,2025,12
pierre-gasly,miami,2025,13
nico-hulkenberg,miami,2025,14
fernando-alonso,miami,2025,15
lance-stroll,miami,2025,16
liam-lawson,miami,2025,23
gabriel-bortoleto,miami,2025,23
oliver-bearman,miami,2025,23
lando-norris,monaco,2025,1
charles-leclerc,monaco,2025,2
oscar-piastri,monaco,2025,3
max-verstappen,monaco,2025,4
lewis-hamilton,monaco,2025,5
isack-hadjar,monaco,2025,6
esteban-ocon,monaco,2025,7
liam-lawson,monaco,2025,8
alexander-albon,monaco,2025,9
carlos-sainz-jr,monaco,2025,10
george-russell,monaco,2025,11
oliver-bearman,monaco,2025,12
franco-colapinto,monaco,2025,13
gabriel-bortoleto,monaco,2025,14
lance-stroll,monaco,2025,15
nico-hulkenberg,monaco,2025,16
kimi-antonelli,monaco,2025,18
fernando-alonso,monaco,2025,23
pierre-gasly,monaco,2025,23
oscar-piastri,spain,2025,1
lando-norris,spain,2025,2
charles-leclerc,spain,2025,3
george-russell,spain,2025,4
nico-hulkenberg,spain,2025,5
lewis-hamilton,spain,2025,6
isack-hadjar,spain,2025,7
pierre-gasly,spain,2025,8
fernando-alonso,spain,2025,9
max-verstappen,spain,2025,10
liam-lawson,spain,2025,11
gabriel-bortoleto,spain,2025,12
carlos-sainz-jr,spain,2025,14
franco-colapinto,spain,2025,15
esteban-ocon,spain,2025,16
oliver-bearman,spain,2025,17
kimi-antonelli,spain,2025,23
alexander-albon,spain,2025,23
lance-stroll,spain,2025,25
george-russell,canada,2025,1
max-verstappen,canada,2025,2
kimi-antonelli,canada,2025,3
oscar-piastri,canada,2025,4
charles-leclerc,canada,2025,5
lewis-hamilton,canada,2025,6
fernando-alonso,canada,2025,7
nico-hulkenberg,canada,2025,8
esteban-ocon,canada,2025,9
carlos-sainz-jr,canada,2025,10
oliver-bearman,canada,2025,11
franco-colapinto,canada,2025,13
gabriel-bortoleto,canada,2025,14
pierre-gasly,canada,2025,15
isack-hadjar,canada,2025,16
lance-stroll,canada,2025,17
lando-norris,canada,2025,18
liam-lawson,canada,2025,23
alexander-albon,canada,2025,23
lando-norris,austria,2025,1
oscar-piastri,austria,2025,2
charles-leclerc,austria,2025,3
lewis-hamilton,austria,2025,4
george-russell,austria,2025,5
liam-lawson,austria,2025,6
fernando-alonso,austria,2025,7
gabriel-bortoleto,austria,2025,8
nico-hulkenberg,austria,2025,9
esteban-ocon,austria,2025,10
oliver-bearman,austria,2025,11
isack-hadjar,austria,2025,12
pierre-gasly,austria,2025,13
lance-stroll,austria,2025,14
franco-colapinto,austria,2025,15
alexander-albon,austria,2025,23
max-verstappen,austria,2025,23
kimi-antonelli,austria,2025,23
carlos-sainz-jr,austria,2025,25
oscar-piastri,belgium,2025,1
lando-norris,belgium,2025,2
charles-leclerc,belgium,2025,3
max-verstappen,belgium,2025,4
george-russell,belgium,2025,5
alexander-albon,belgium,2025,6
lewis-hamilton,belgium,2025,7
liam-lawson,belgium,2025,8
gabriel-bortoleto,belgium,2025,9
pierre-gasly,belgium,2025,10
oliver-bearman,belgium,2025,11
nico-hulkenberg,belgium,2025,12
lance-stroll,belgium,2025,14
esteban-ocon,belgium,2025,15
kimi-antonelli,belgium,2025,16
fernando-alonso,belgium,2025,17
carlos-sainz-jr,belgium,2025,18
franco-colapinto,belgium,2025,19
isack-hadjar,belgium,2025,20
lando-norris,hungary,2025,1
oscar-piastri,hungary,2025,2
george-russell,hungary,2025,3
charles-leclerc,hungary,2025,4
fernando-alonso,hungary,2025,5
gabriel-bortoleto,hungary,2025,6
lance-stroll,hungary,2025,7
liam-lawson,hungary,2025,8
max-verstappen,hungary,2025,9
kimi-antonelli,hungary,2025,10
isack-hadjar,hungary,2025,11
lewis-hamilton,hungary,2025,12
nico-hulkenberg,hungary,2025,13
carlos-sainz-jr,hungary,2025,14
alexander-albon,hungary,2025,15
esteban-ocon,hungary,2025,16
franco-colapinto,hungary,2025,18
pierre-gasly,hungary,2025,19
oliver-bearman,hungary,2025,23
oscar-piastri,netherlands,2025,1
max-verstappen,netherlands,2025,2
isack-hadjar,netherlands,2025,3
george-russell,netherlands,2025,4
alexander-albon,netherlands,2025,5
oliver-bearman,netherlands,2025,6
lance-stroll,netherlands,2025,7
fernando-alonso,netherlands,2025,8
esteban-ocon,netherlands,2025,10
franco-colapinto,netherlands,2025,11
liam-lawson,netherlands,2025,12
carlos-sainz-jr,netherlands,2025,13
nico-hulkenberg,netherlands,2025,14
gabriel-bortoleto,netherlands,2025,15
kimi-antonelli,netherlands,2025,16
pierre-gasly,netherlands,2025,17
lando-norris,netherlands,2025,18
charles-leclerc,netherlands,2025,23
lewis-hamilton,netherlands,2025,23
max-verstappen,italy,2025,1
lando-norris,italy,2025,2
oscar-piastri,italy,2025,3
charles-leclerc,italy,2025,4
george-russell,italy,2025,5
lewis-hamilton,italy,2025,6
alexander-albon,italy,2025,7
gabriel-bortoleto,italy,2025,8
kimi-antonelli,italy,2025,9
isack-hadjar,italy,2025,10
carlos-sainz-jr,italy,2025,11
oliver-bearman,italy,2025,12
liam-lawson,italy,2025,14
esteban-ocon,italy,2025,15
pierre-gasly,italy,2025,16
franco-colapinto,italy,2025,17
lance-stroll,italy,2025,18
fernando-alonso,italy,2025,23
nico-hulkenberg,italy,2025,25
max-verstappen,azerbaijan,2025,1
george-russell,azerbaijan,2025,2
carlos-sainz-jr,azerbaijan,2025,3
kimi-antonelli,azerbaijan,2025,4
liam-lawson,azerbaijan,2025,5
lando-norris,azerbaijan,2025,7
lewis-hamilton,azerbaijan,2025,8
charles-leclerc,azerbaijan,2025,9
isack-hadjar,azerbaijan,2025,10
gabriel-bortoleto,azerbaijan,2025,11
oliver-bearman,azerbaijan,2025,12
alexander-albon,azerbaijan,2025,13
esteban-ocon,azerbaijan,2025,14
fernando-alonso,azerbaijan,2025,15
nico-hulkenberg,azerbaijan,2025,16
lance-stroll,azerbaijan,2025,17
pierre-gasly,azerbaijan,2025,18
franco-colapinto,azerbaijan,2025,19
oscar-piastri,azerbaijan,2025,23
george-russell,singapore,2025,1
max-verstappen,singapore,2025,2
lando-norris,singapore,2025,3
oscar-piastri,singapore,2025,4
kimi-antonelli,singapore,2025,5
charles-leclerc,singapore,2025,6
fernando-alonso,singapore,2025,7
lewis-hamilton,singapore,2025,8
oliver-bearman,singapore,2025,9
carlos-sainz-jr,singapore,2025,10
isack-hadjar,singapore,2025,11
lance-stroll,singapore,2025,13
alexander-albon,singapore,2025,14
liam-lawson,singapore,2025,15
franco-colapinto,singapore,2025,16
gabriel-bortoleto,singapore,2025,17
esteban-ocon,singapore,2025,18
pierre-gasly,singapore,2025,19
nico-hulkenberg,singapore,2025,20
lando-norris,mexico,2025,1
charles-leclerc,mexico,2025,2
max-verstappen,mexico,2025,3
oliver-bearman,mexico,2025,4
oscar-piastri,mexico,2025,5
kimi-antonelli,mexico,2025,6
george-russell,mexico,2025,7
lewis-hamilton,mexico,2025,8
esteban-ocon,mexico,2025,9
gabriel-bortoleto,mexico,2025,10
alexander-albon,mexico,2025,12
isack-hadjar,mexico,2025,13
lance-stroll,mexico,2025,14
pierre-gasly,mexico,2025,15
franco-colapinto,mexico,2025,16
carlos-sainz-jr,mexico,2025,17
fernando-alonso,mexico,2025,23
nico-hulkenberg,mexico,2025,23
liam-lawson,mexico,2025,23
max-verstappen,qatar,2025,1
oscar-piastri,qatar,2025,2
carlos-sainz-jr,qatar,2025,3
lando-norris,qatar,2025,4
kimi-antonelli,qatar,2025,5
george-russell,qatar,2025,6
fernando-alonso,qatar,2025,7
charles-leclerc,qatar,2025,8
liam-lawson,qatar,2025,9
alexander-albon,qatar,2025,11
lewis-hamilton,qatar,2025,12
gabriel-bortoleto,qatar,2025,13
franco-colapinto,qatar,2025,14
esteban-ocon,qatar,2025,15
pierre-gasly,qatar,2025,16
lance-stroll,qatar,2025,17
isack-hadjar,qatar,2025,18
oliver-bearman,qatar,2025,23
nico-hulkenberg,qatar,2025,23
